<!-- Sounds for Bella v2.0.0 for Helix-->
<!-- Sounds comes from iCanuck's Bello Nero mod -->
<sounds>
 <actions>
  <action>
   <name>left</name>
   <file>Click.wav</file>
  </action>
  <action>
   <name>right</name>
   <file>Click.wav</file>
  </action>
  <action>
   <name>up</name>
   <file>Click.wav</file>
  </action>
  <action>
   <name>down</name>
   <file>Click.wav</file>
  </action>
  <action>
   <name>PageDown</name>
   <file>Click.wav</file>
  </action>
  <action>
   <name>PageUp</name>
   <file>Click.wav</file>
  </action>
  <action>
   <name>Select</name>
   <file>Click.wav</file>
  </action>
  <action>
   <name>ParentDir</name>
   <file>Back.wav</file>
  </action>
  <action>
   <name>PreviousMenu</name>
   <file>Back.wav</file>
  </action>
  <action>
   <name>screenshot</name>
   <file>Shutter.wav</file>
  </action>
  <action>
   <name>ActivateWindow(Home)</name>
   <file>Back.wav</file>
  </action>
 </actions>
 <windows>
  <window>
   <name>InfoDialog</name>
   <activate>Notify.wav</activate>
  </window>
 </windows>
</sounds>
