<?xml version="1.0" encoding="UTF-8" standalone="yes"?>
<addon id="script.module.chardet"
       name="chardet"
       version="2.1.2"
       provider-name="Valentin-Costel Hăloiu">
  <extension point="xbmc.python.module"
             library="lib" />
  <extension point="xbmc.addon.metadata">
    <summary>Universal encoding detector</summary>
    <description>Packed for XBMC from https://github.com/erikrose/chardet</description>
    <license>LGPL</license>
    <platform>all</platform>
  </extension>
</addon>
